"","...1","fecha","FUENTEFINANCIAMIENTO","DEPENDENCIA","BANCO","CUENTA","CLABE","ESTATALES","NOMBREFF2","TIPOFF2","ETIQUETADO","INDICADOR","AÑO","INDICADOR2","SALDO","CAMBIO"
"1",1,2023-11-16,1,NA,"BANORTE","C1184498414","C072910011844984143","PARTICIPACIONES FEDERALES 2023","PARTICIPACIONES – RECURSOS PROPIOS","PARTICIPACIONES","No Etiquetado",NA,2023,NA,20091703.29,-29994864.31
"2",2,2023-11-16,1,NA,"BANORTE","C1197953892","C072910011979538927","RETENCIONES 2023","PARTICIPACIONES – RECURSOS PROPIOS","PARTICIPACIONES","No Etiquetado",NA,2023,NA,90984254.43,19386.7100000083
"3",3,2023-11-16,1,NA,"BANORTE","C1197953913","C072910011979539133","INVERSIONES RECURSOS PARTICIPACIONES 2023","PARTICIPACIONES – RECURSOS PROPIOS","PARTICIPACIONES","No Etiquetado","SIEMPRE",2023,NA,0,0
"4",4,2023-11-16,1,NA,"BBVA","C119683461","C012910001196834610","PAGADORA RECURSOS  PARTICIPACIONES 2023","PARTICIPACIONES – RECURSOS PROPIOS","PARTICIPACIONES","No Etiquetado",NA,2023,NA,7351818.59,-12314863.12
"5",5,2023-11-16,1,"F.F.01","SCOTIABANK","C25601528493","C044910256015284931","INVERSIONES RECURSOS PARTICIPACIONES 2020","PARTICIPACIONES – RECURSOS PROPIOS","PARTICIPACIONES","No Etiquetado",NA,2021,NA,0,0
"6",6,2023-11-16,1,NA,"AZTECA","C1720151774737","C127180001517747373","FONDO DE COMPENSACIONES RECURSOS 01  PARTICIPACIONES","PARTICIPACIONES – RECURSOS PROPIOS","PARTICIPACIONES","No Etiquetado",NA,2021,NA,18615881.31,0
"7",7,2023-11-16,1,"NO DISPONIBLE","BANORTE","C150914471","C072910001509144717","NOM. TARJETAS BUROCRACIA","PARTICIPACIONES – RECURSOS PROPIOS","PARTICIPACIONES","No Etiquetado",NA,2021,NA,308263.22,0
"8",8,2023-11-16,1,"NO DISPONIBLE","BANORTE","C169017477","C072910001690174777","JUBILADOS Y PENSIONADOS","PARTICIPACIONES – RECURSOS PROPIOS","PARTICIPACIONES","No Etiquetado",NA,2021,NA,2506420.69,-34853.7000000002
"9",9,2023-11-16,1,"NO DISPONIBLE","SCOTIABANK","C25604083167","C044910256040831676","RETENCIONES 2022","PARTICIPACIONES – RECURSOS PROPIOS","PARTICIPACIONES","No Etiquetado",NA,2022,NA,2765298.34,0
"10",10,2023-11-16,1,"SAF","AZTECA","C1720125013735","C127180001250137000","INVERSIONES RECURSOS PARTICIPACIONES 2023","PARTICIPACIONES – RECURSOS PROPIOS","PARTICIPACIONES","No Etiquetado","SIEMPRE",2023,NA,52105305.1,0
"11",11,2023-11-16,1,"SAF","BANAMEX","C70172020400","C002910701720204007","NOMINA SEGEY 2023","PARTICIPACIONES – RECURSOS PROPIOS","PARTICIPACIONES","No Etiquetado","SIEMPRE",2023,NA,130012.57,0
"12",12,2023-11-16,1,"SAF","BANORTE","C1197954004","C072910011979540041","NOMINA SEGEY 2023","PARTICIPACIONES – RECURSOS PROPIOS","PARTICIPACIONES","No Etiquetado","SIEMPRE",2023,NA,18339.73,0
"13",13,2023-11-16,1,"SAF","BANORTE","C1197954040","C072910011979540407","5 AL MILLAR FEDERAL 2023","PARTICIPACIONES – RECURSOS PROPIOS","PARTICIPACIONES","No Etiquetado","SIEMPRE",2023,NA,80839.01,80836.35
"14",14,2023-11-16,1,"SAF","BBVA","C120120367","C012910001201203673","NOMINA SEGEY 2023","PARTICIPACIONES – RECURSOS PROPIOS","PARTICIPACIONES","No Etiquetado","SIEMPRE",2023,NA,1076170.94,-114135
"15",15,2023-11-16,1,"SAF","HSBC","C4069113868","C021910040691138685","NOMINA SEGEY 2023","PARTICIPACIONES – RECURSOS PROPIOS","PARTICIPACIONES","No Etiquetado","SIEMPRE",2023,NA,128.41,0
"16",16,2023-11-16,1,"SAF","HSBC","C6579929006","C021910065799290060","INVERSIONES RECURSOS PARTICIPACIONES 2023","PARTICIPACIONES – RECURSOS PROPIOS","PARTICIPACIONES","No Etiquetado","SIEMPRE",2023,NA,112460367.77,34820.6899999976
"17",17,2023-11-16,1,"SAF","SANTANDER","C65509732589","C014910655097325892","NOMINA SEGEY 2023","PARTICIPACIONES – RECURSOS PROPIOS","PARTICIPACIONES","No Etiquetado","SIEMPRE",2023,NA,239168.11,0
"18",18,2023-11-16,1,"SECOGEY/AAFY","BANORTE","C1070104603","C072910010701046031","""5 AL MILLAR FEDERAL""","PARTICIPACIONES – RECURSOS PROPIOS","PARTICIPACIONES","No Etiquetado",NA,2021,NA,151.69,0
"19",19,2023-11-16,1,"SSY","AZTECA","C1720167550779","C127180001675507798","APORTACION LIQUIDA ESTATAL INSABI 2022","PARTICIPACIONES – RECURSOS PROPIOS","PARTICIPACIONES","No Etiquetado",NA,2022,NA,339823.13,0
"20",20,2023-11-16,50,NA,"AZTECA","C1720123878197","C127180001238781977","APORTACION LIQUIDACION ESTATAL INSABI 2023","RP CONVENIO PARTE ESTATAL","PARTICIPACIONES","No Etiquetado","SIEMPRE",2023,NA,0,0
"21",21,2023-11-16,50,"CONSEJERIA","HSBC","C4069113777","C021910040691137770","PROGRAMA DE REGISTRO E IDENTIFICACIÓN DE POBLACIÓN (PRIP) EJERCICIO FISCAL 2023 RECURSO ESTATAL","RP CONVENIO PARTE ESTATAL","PARTICIPACIONES","No Etiquetado","SIEMPRE",2023,NA,53793.04,0
"22",22,2023-11-16,50,"SAF","BANAMEX","C70172082333","C002910701720823336","NOMINA SEGEY APOYO 2023","RP CONVENIO PARTE ESTATAL","PARTICIPACIONES","No Etiquetado","SIEMPRE",2023,NA,486.23,0
"23",23,2023-11-16,50,"SAF","BANORTE","C1197954031","C072910011979540313","NOMINA SEGEY APOYO 2023","RP CONVENIO PARTE ESTATAL","PARTICIPACIONES","No Etiquetado","SIEMPRE",2023,NA,1.27,0
"24",24,2023-11-16,50,"SAF","BANORTE","C1223440330","C072910012234403301","APOYO A LAS CULTURAS MUNICIPALES Y COMUNITARIAS (PACMYC) ESTATAL 2023","RP CONVENIO PARTE ESTATAL","PARTICIPACIONES","No Etiquetado","SIEMPRE",2023,NA,40088.67,0
"25",25,2023-11-16,50,"SAF","BBVA","C120120405","C012910001201204054","NOMINA SEGEY APOYO 2023","RP CONVENIO PARTE ESTATAL","PARTICIPACIONES","No Etiquetado","SIEMPRE",2023,NA,7.77,-2500
"26",26,2023-11-16,50,"SAF","HSBC","C4069113876","C021910040691138766","NOMINA SEGEY APOYO 2023","RP CONVENIO PARTE ESTATAL","PARTICIPACIONES","No Etiquetado","SIEMPRE",2023,NA,10.82,0
"27",27,2023-11-16,50,"SAF","SANTANDER","C65509732419","C014910655097324194","NOMINA SEGEY APOYO 2023","RP CONVENIO PARTE ESTATAL","PARTICIPACIONES","No Etiquetado","SIEMPRE",2023,NA,7.3,0
"28",28,2023-11-16,50,"SEDECULTA","BANORTE","C1223440282","C072910012234402823","ESTIMULOS A LA CREACIÓN Y DESARROLLO ARTÍSTICA (PECDA) 2023","RP CONVENIO PARTE ESTATAL","PARTICIPACIONES","No Etiquetado","SIEMPRE",2023,NA,315968.62,0
"29",29,2023-11-16,50,"SGG","BANORTE","C1213844005","C072910012138440059","SUBSIDIO COMISION NACIONAL DE BUSQUEDA 2023 – RECURSO ESTATAL","RP CONVENIO PARTE ESTATAL","PARTICIPACIONES","No Etiquetado","SIEMPRE",2023,NA,638409.05,0
"30",30,2023-11-16,57,NA,"BBVA","C119683542","C012910001196835428","FEIEF 2022","FEIEF","FEIEF","No Etiquetado","SIEMPRE",2022,NA,1211449.2,0
"31",31,2023-11-16,57,"SAF","BANORTE","C1213844144","C072910012138441443","FEIEF 2023","FEIEF","FEIEF","No Etiquetado","SIEMPRE",2023,NA,598752663.79,81452629.9999999
"32",32,2023-11-16,73,"SAF","BANAMEX","C70173889680","C002910701738896805","RETRIBUCIÓN EN TÉRMINOS DE LA CLÁUSULA CUARTA DEL CONTRATO DE DISPERSION DE NOMINA","VENTA DE BIENES Y SERVICIOS","VENTA DE BIENES Y SERVICIOS","Venta de B y S","SIEMPRE",2023,NA,11968124.48,0
"33",33,2023-11-16,73,"SEGEY","BANORTE","C1197953977","C072910011979539777","FUNDACIÓN ALBERTO BAILLERES AC (LA FUNDACIÓN)","VENTA DE BIENES Y SERVICIOS","VENTA DE BIENES Y SERVICIOS","Venta de B y S","SIEMPRE",2023,NA,1740651.13,0
"34",34,2023-11-16,73,"SEGEY","BBVA","C120668907","C012910001206689072","DEDUCIBLE DE IMPUESTO EN TERMINOS DE LA LEY DE IMPUESTOS SOBRE LA RENTA","VENTA DE BIENES Y SERVICIOS","VENTA DE BIENES Y SERVICIOS","Venta de B y S","SIEMPRE",2023,NA,0,0
"35",35,2023-11-16,73,"SEGEY","BBVA","C121460676","C012910001214606762","PROYECTO HERRAMIENTAS ANTE EL COVID 19 “CULTURA DE PAZ, FELICIDAD Y HABILIDADES SOCIOEMOCIONALES”","VENTA DE BIENES Y SERVICIOS","VENTA DE BIENES Y SERVICIOS","Venta de B y S","SIEMPRE",2023,NA,326993.72,0
"36",36,2023-11-16,73,"SEGEY","SANTANDER","C65509925293","C014910655099252934","DEDUCIBLE DE IMPUESTO EN TERMINOS DE LA LEY DE IMPUESTOS SOBRE LA RENTA","VENTA DE BIENES Y SERVICIOS","VENTA DE BIENES Y SERVICIOS","Venta de B y S","SIEMPRE",2023,NA,1800388.53,0
"37",37,2023-11-16,101,NA,"BBVA","C119180494","C012910001191804946","ACTIVACIÓN EMPRESARIAL 2022","INGRESOS FISCALES - RECURSOS PROPIOS","INGRESOS LOCALES","No Etiquetado","SIEMPRE",2022,NA,0,0
"38",38,2023-11-16,101,NA,"BBVA","C119639330","C012910001196393300","ENAJENACIÓN DE BIENES INMUEBLES","INGRESOS FISCALES - RECURSOS PROPIOS","INGRESOS LOCALES","No Etiquetado",NA,2023,NA,0,0
"39",39,2023-11-16,101,NA,"BBVA","C119683364","C012910001196833640","PAGADORA RECURSOS PROPIOS 2023","INGRESOS FISCALES - RECURSOS PROPIOS","INGRESOS LOCALES","No Etiquetado",NA,2023,NA,33523237.81,-19125422.91
"40",40,2023-11-16,101,"2018","BBVA","C109684344","C012910001096843442","PROVEEDORES","INGRESOS FISCALES - RECURSOS PROPIOS","INGRESOS LOCALES","No Etiquetado",NA,2021,NA,0,0
"41",41,2023-11-16,101,"AAFY","HSBC","C4066760240","C021910040667602404","AGENCIAS MAYORISTAS PARADORES TURISTICOS 2022","INGRESOS FISCALES - RECURSOS PROPIOS","INGRESOS LOCALES","No Etiquetado",NA,2022,NA,44615180.52,1257112.04000001
"42",42,2023-11-16,101,"AAFY LD","AFIRME","C131125151","C062180001311251515","COBRO EN LINEA DE LOS DERECHOS DEL REGISTRO CIVIL","INGRESOS FISCALES - RECURSOS PROPIOS","INGRESOS LOCALES","No Etiquetado",NA,2021,"CONTINUAS FISCALES",8963972.11,32227.1600000001
"43",43,2023-11-16,101,"AAFY LD","AZTECA","C1720123139010","C127180001231390103","IMPUESTOS ESTATALES","INGRESOS FISCALES - RECURSOS PROPIOS","INGRESOS LOCALES","No Etiquetado",NA,2021,NA,1260733.31,10033
"44",44,2023-11-16,101,"AAFY LD","BANAMEX","C2357101681","C002910023571016818","TENENCIAS POR INTERNET","INGRESOS FISCALES - RECURSOS PROPIOS","INGRESOS LOCALES","No Etiquetado",NA,2021,"CONTINUAS FISCALES",10028.14,8940.2
"45",45,2023-11-16,101,"AAFY LD","BANAMEX","C2357117405","C002910023571174051","REPECOS D.V.","INGRESOS FISCALES - RECURSOS PROPIOS","INGRESOS LOCALES","No Etiquetado",NA,2021,NA,22619712.04,576846
"46",46,2023-11-16,101,"AAFY LD","BANORTE","C1132563827","C072910011325638277","TPV PARADORES TURISTICOS","INGRESOS FISCALES - RECURSOS PROPIOS","INGRESOS LOCALES","No Etiquetado","REMANENTES/ESTATAL",2021,"CONTINUAS FISCALES",36248777.06,1550281.98
"47",47,2023-11-16,101,"AAFY LD","BANORTE","C1132563836","C072910011325638361","INTERNET PARADORES TURISTICOS","INGRESOS FISCALES - RECURSOS PROPIOS","INGRESOS LOCALES","No Etiquetado","REMANENTES/ESTATAL",2021,"CONTINUAS FISCALES",0,0
"48",48,2023-11-16,101,"AAFY LD","BANORTE","C1132563845","C072910011325638455","CONCENTRADORA PARADORES TURISTICOS","INGRESOS FISCALES - RECURSOS PROPIOS","INGRESOS LOCALES","No Etiquetado","REMANENTES/ESTATAL",2021,NA,15530340.97,0
"49",49,2023-11-16,101,"AAFY LD","BANORTE","C147125400","C072910001471254007","TENENCIAS","INGRESOS FISCALES - RECURSOS PROPIOS","INGRESOS LOCALES","No Etiquetado",NA,2021,NA,823827.36,0
"50",50,2023-11-16,101,"AAFY LD","BANORTE","C147125446","C072910001471254463","IMPUESTOS ESTATALES","INGRESOS FISCALES - RECURSOS PROPIOS","INGRESOS LOCALES","No Etiquetado",NA,2021,"CONTINUAS FISCALES",4160641.91,701792
"51",51,2023-11-16,101,"AAFY LD","BANORTE","C184035401","C072910001840354017","CONCENTRADORA","INGRESOS FISCALES - RECURSOS PROPIOS","INGRESOS LOCALES","No Etiquetado",NA,2021,NA,4891327.43,-34532980.2
"52",52,2023-11-16,101,"AAFY LD","BANORTE","C502106987","C072910005021069871","IMP.ESTATALES POR INTERNET","INGRESOS FISCALES - RECURSOS PROPIOS","INGRESOS LOCALES","No Etiquetado",NA,2021,"CONTINUAS FISCALES",22360435.09,106377.75
"53",53,2023-11-16,101,"AAFY LD","BANORTE","C504220364","C072910005042203645","DEPOSITO SALUD","INGRESOS FISCALES - RECURSOS PROPIOS","INGRESOS LOCALES","No Etiquetado","REMANENTES/ESTATAL",2021,"CONTINUAS FISCALES",0,0
"54",54,2023-11-16,101,"AAFY LD","BBVA","C110066141","C012910001100661413","IMPUESTOS ESTATALES","INGRESOS FISCALES - RECURSOS PROPIOS","INGRESOS LOCALES","No Etiquetado",NA,2021,"CONTINUAS FISCALES",13681,786
"55",55,2023-11-16,101,"AAFY LD","BBVA","C113239217","C012910001132392174","IMPUESTOS Y DERECHOS VEHICULARES 2019","INGRESOS FISCALES - RECURSOS PROPIOS","INGRESOS LOCALES","No Etiquetado",NA,2021,"CONTINUAS FISCALES",8445664.48,62739
"56",56,2023-11-16,101,"AAFY LD","BBVA","C113239268","C012910001132392682","CONCENTRADORA 2019","INGRESOS FISCALES - RECURSOS PROPIOS","INGRESOS LOCALES","No Etiquetado",NA,2021,"CONTINUAS FISCALES",16459195.86,2694728
"57",57,2023-11-16,101,"AAFY LD","BBVA","C113394360","C012910001133943603","IMPUESTOS ESTATALES AFFY 2019","INGRESOS FISCALES - RECURSOS PROPIOS","INGRESOS LOCALES","No Etiquetado",NA,2021,NA,4840709.71,1090638.68
"58",58,2023-11-16,101,"AAFY LD","BBVA","C144254449","C012910001442544492","TENENCIAS","INGRESOS FISCALES - RECURSOS PROPIOS","INGRESOS LOCALES","No Etiquetado",NA,2021,"CONTINUAS FISCALES",320167.45,-22890.84
"59",59,2023-11-16,101,"AAFY LD","BBVA","C152626284","C012910001526262849","IMP. ESTATALES POR INTERNET","INGRESOS FISCALES - RECURSOS PROPIOS","INGRESOS LOCALES","No Etiquetado",NA,2021,"CONTINUAS FISCALES",976476,330150.31
"60",60,2023-11-16,101,"AAFY LD","BBVA","C195782449","C012910001957824490","CONCENTRADORA DE FLUJO 2014","INGRESOS FISCALES - RECURSOS PROPIOS","INGRESOS LOCALES","No Etiquetado",NA,2021,"CONTINUAS FISCALES",24440104.78,2459400.05
"61",61,2023-11-16,101,"AAFY LD","HSBC","C4018989301","C021910040189893018","IMPUESTOS ESTATALES","INGRESOS FISCALES - RECURSOS PROPIOS","INGRESOS LOCALES","No Etiquetado",NA,2021,NA,243946.9,0
"62",62,2023-11-16,101,"AAFY LD","HSBC","C4018989327","C021910040189893270","AGENCIAS","INGRESOS FISCALES - RECURSOS PROPIOS","INGRESOS LOCALES","No Etiquetado",NA,2021,"CONTINUAS FISCALES",21010.7,0
"63",63,2023-11-16,101,"AAFY LD","HSBC","C4043505163","C021910040435051630","CONV LINEA DE REFERENCIA IMP EST","INGRESOS FISCALES - RECURSOS PROPIOS","INGRESOS LOCALES","No Etiquetado",NA,2021,NA,314307087.9,692686.25
"64",64,2023-11-16,101,"AAFY LD","HSBC","C4064520521","C021910040645205218","IMPUESTOS Y DERECHOS VEHICULARES TPV","INGRESOS FISCALES - RECURSOS PROPIOS","INGRESOS LOCALES","No Etiquetado",NA,2021,NA,79588397.84,123861.020000011
"65",65,2023-11-16,101,"AAFY LD","SANTANDER","C65501850869","C014910655018508698","IMP.ESTATALES POR INTERNET","INGRESOS FISCALES - RECURSOS PROPIOS","INGRESOS LOCALES","No Etiquetado",NA,2021,"CONTINUAS FISCALES",10000,-131
"66",66,2023-11-16,101,"AAFY LD","SANTANDER","C65504378664","C014910655043786647","CONCENTRADORA DE FLUJO 2014","INGRESOS FISCALES - RECURSOS PROPIOS","INGRESOS LOCALES","No Etiquetado",NA,2021,"CONTINUAS FISCALES",18116071.44,301499
"67",67,2023-11-16,101,"AAFY LD","SCOTIABANK","C17001523341","C044910170015233411","TENENCIAS","INGRESOS FISCALES - RECURSOS PROPIOS","INGRESOS LOCALES","No Etiquetado",NA,2021,NA,5101027.01,153197
"68",68,2023-11-16,101,"IYEM","BBVA","C120822868","C012910001208228680","ACTIVACIÓN EMPRESARIAL","INGRESOS FISCALES - RECURSOS PROPIOS","INGRESOS LOCALES","No Etiquetado","SIEMPRE",2023,NA,500010.01,0
"69",69,2023-11-16,101,"LD","BANAMEX","C479329145","C002910479300291458","NOMINA CHEQUES MAGISTERIO","INGRESOS FISCALES - RECURSOS PROPIOS","INGRESOS LOCALES","No Etiquetado",NA,2021,NA,0,0
"70",70,2023-11-16,101,"LD","BANAMEX","C70073722037","C002910700737220376","CONCENTRADORA DE FLUJO 2014","INGRESOS FISCALES - RECURSOS PROPIOS","INGRESOS LOCALES","No Etiquetado",NA,2021,"CONTINUAS FISCALES",4376128.02,0
"71",71,2023-11-16,101,"LD","BANORTE","C1094355689","C072910010943556897","CREDITO A CORTO PLAZO 2020","INGRESOS FISCALES - RECURSOS PROPIOS","INGRESOS LOCALES","No Etiquetado","SIEMPRE",2021,"FISCALES",0,0
"72",72,2023-11-16,101,"LD","BBVA","C117836732","C012910001178367325","PAGADORA RECURSOS PROPIOS 2022","INGRESOS FISCALES - RECURSOS PROPIOS","INGRESOS LOCALES","No Etiquetado",NA,2022,NA,10879689.18,0
"73",73,2023-11-16,101,"LD","BBVA","C151371401","C012910001513714012","NOMINA BUROCRACIA","INGRESOS FISCALES - RECURSOS PROPIOS","INGRESOS LOCALES","No Etiquetado",NA,2021,NA,0,0
"74",74,2023-11-16,101,"LD","BBVA","C157227523","C012910001572275233","CADENAS PRODUCTIVAS","INGRESOS FISCALES - RECURSOS PROPIOS","INGRESOS LOCALES","No Etiquetado",NA,2021,NA,0,0
"75",75,2023-11-16,101,"LD","BBVA","C158585954","C012910001585859549","NOMINA CHEQUES MAGISTERIO","INGRESOS FISCALES - RECURSOS PROPIOS","INGRESOS LOCALES","No Etiquetado",NA,2021,NA,16376.68,0
"76",76,2023-11-16,101,NA,"AZTECA","C1720142746857","C127180001427468577","FONDO DE COMPENSACIONES RECURSOS  101","INGRESOS FISCALES - RECURSOS PROPIOS","INGRESOS LOCALES","No Etiquetado",NA,2021,NA,0,0
"77",77,2023-11-16,101,NA,"BANORTE","C1094355661","C072910010943556619","FONDO DE COMPENSACION (RECURSOS 101","INGRESOS FISCALES - RECURSOS PROPIOS","INGRESOS LOCALES","No Etiquetado",NA,2021,NA,0.14,0
"78",78,2023-11-16,101,NA,"BANORTE","C155659599","C072910001556595995","ZOFEMAT YOBAIN","INGRESOS FISCALES - RECURSOS PROPIOS","INGRESOS LOCALES","No Etiquetado","SIEMPRE",2021,NA,242971.09,0
"79",79,2023-11-16,101,"NO DISPONIBLE","BANORTE","C1070104612","C072910010701046125","5 AL MILLAR ESTATAL","INGRESOS FISCALES - RECURSOS PROPIOS","INGRESOS LOCALES","No Etiquetado",NA,2021,NA,703.21,0
"80",80,2023-11-16,101,"NO DISPONIBLE","BANORTE","C150914480","C072910001509144801","CAUCIONES","INGRESOS FISCALES - RECURSOS PROPIOS","INGRESOS LOCALES","No Etiquetado",NA,2021,NA,2915793.98,0
"81",81,2023-11-16,101,"NO DISPONIBLE","BANORTE","C230406515","C072910002304065155","CONCENTRADORA ETIQUETADA 2014","INGRESOS FISCALES - RECURSOS PROPIOS","INGRESOS LOCALES","No Etiquetado",NA,2021,NA,90820241.05,0
"82",82,2023-11-16,101,"NO DISPONIBLE","BANORTE","C251259707","C072910002512597075","CONCENTRADORA INGRESOS SAF","INGRESOS FISCALES - RECURSOS PROPIOS","INGRESOS LOCALES","No Etiquetado",NA,2021,NA,27589986.53,0
"83",83,2023-11-16,101,"NO DISPONIBLE","BANORTE","C505872283","C072910005058722835","ISAI","INGRESOS FISCALES - RECURSOS PROPIOS","INGRESOS LOCALES","No Etiquetado",NA,2021,NA,203.95,0
"84",84,2023-11-16,101,"NO DISPONIBLE","BANORTE","C532986908","C072910005329869087","PAGO CAUCIONES 01-04","INGRESOS FISCALES - RECURSOS PROPIOS","INGRESOS LOCALES","No Etiquetado",NA,2021,NA,9160511.15,0
"85",85,2023-11-16,101,"NO DISPONIBLE","BANORTE","C602285906","C072910006022859063","DOLARES CULTUR","INGRESOS FISCALES - RECURSOS PROPIOS","INGRESOS LOCALES","No Etiquetado","REMANENTES/ESTATAL",2021,"CONTINUAS FISCALES",0.01,0
"86",86,2023-11-16,101,"NO DISPONIBLE","BANORTE","C661758210","C072910006617582101","CULTUR 2011 / PARADOR DE UXMAL","INGRESOS FISCALES - RECURSOS PROPIOS","INGRESOS LOCALES","No Etiquetado","REMANENTES/ESTATAL",2021,NA,2610.78,0
"87",87,2023-11-16,101,"NO DISPONIBLE","BANORTE","C669575507","C072910006695755073","DEP. FID. PROTEGO CULTUR 2011 A","INGRESOS FISCALES - RECURSOS PROPIOS","INGRESOS LOCALES","No Etiquetado",NA,2021,NA,242608027.94,0
"88",88,2023-11-16,101,"NO DISPONIBLE","BBVA","C111212818","C012910001112128180","CREDITO BANOBRAS CENTRO INTERNACIONAL  DE CONVENCIONES 2017","INGRESOS FISCALES - RECURSOS PROPIOS","INGRESOS LOCALES","No Etiquetado","SIEMPRE",2021,NA,0,0
"89",89,2023-11-16,101,"NO DISPONIBLE","BBVA","C111536257","C012910001115362574","CHICHEN ITZA","INGRESOS FISCALES - RECURSOS PROPIOS","INGRESOS LOCALES","No Etiquetado",NA,2021,NA,0.01,0
"90",90,2023-11-16,101,"NO DISPONIBLE","HSBC","C4023060619","C021910040230606196","CADENAS PRODUCTIVAS","INGRESOS FISCALES - RECURSOS PROPIOS","INGRESOS LOCALES","No Etiquetado",NA,2021,NA,0,0
"91",91,2023-11-16,101,"NO DISPONIBLE","HSBC","C4023606973","C021910040236069737","DONATIVOS CRUZ ROJA","INGRESOS FISCALES - RECURSOS PROPIOS","INGRESOS LOCALES","No Etiquetado","SIEMPRE",2021,NA,25122.54,0
"92",92,2023-11-16,101,"NO DISPONIBLE","SCOTIABANK","C17002667347","C044910170026673471","DECRETO DE LAS INFRACCIONES DEL REGIMEN ELECTORAL 2016 (IEPAC SIIES)","INGRESOS FISCALES - RECURSOS PROPIOS","INGRESOS LOCALES","No Etiquetado","SIEMPRE",2021,NA,8926391.9,0
"93",93,2023-11-16,101,"SAF","AZTECA","C1720125013779","C127180001250137000","INVERSIONES RECURSOS PROPIOS 2023","INGRESOS FISCALES - RECURSOS PROPIOS","INGRESOS LOCALES","No Etiquetado","SIEMPRE",2023,NA,50768689.7,0
"94",94,2023-11-16,101,"SAF","BANORTE","C1170683183","C072910011706831839","REMATE EN SUBASTA PÚBLICA DE DESECHO VEHICULAR FERROSO 2022","INGRESOS FISCALES - RECURSOS PROPIOS","INGRESOS LOCALES","No Etiquetado",NA,2022,NA,0,0
"95",95,2023-11-16,101,"SAF","BANORTE","C1170683268","C072910011706832689","CUENTA CREDITO CORTO PLAZO 2022","INGRESOS FISCALES - RECURSOS PROPIOS","INGRESOS LOCALES","No Etiquetado","SIEMPRE",2022,NA,0,0
"96",96,2023-11-16,101,"SAF","BANORTE","C1197954059","C072910011979540591","5 AL MILLAR ESTATAL 2023","INGRESOS FISCALES - RECURSOS PROPIOS","INGRESOS LOCALES","No Etiquetado","SIEMPRE",2023,NA,1668532.96,630448.61
"97",97,2023-11-16,101,"SAF","BANORTE","C1213843932","C072910012138439329","20 % SDS","INGRESOS FISCALES - RECURSOS PROPIOS","INGRESOS LOCALES","No Etiquetado","SIEMPRE",2023,NA,10705230.21,0
"98",98,2023-11-16,101,"SAF","BANORTE","C1213843941","C072910012138439413","IEPAC-SIIES 2023","INGRESOS FISCALES - RECURSOS PROPIOS","INGRESOS LOCALES","No Etiquetado","SIEMPRE",2023,NA,0.1,0
"99",99,2023-11-16,101,"SAF","BANORTE","C1213843969","C072910012138439691","PARADORES TURÍSTICOS 2023","INGRESOS FISCALES - RECURSOS PROPIOS","INGRESOS LOCALES","No Etiquetado","SIEMPRE",2023,NA,0.1,0
"100",100,2023-11-16,101,"SAF","BANORTE","C1223440376","C072910012234403767","CREDITOS FISCALES AAFY","INGRESOS FISCALES - RECURSOS PROPIOS","INGRESOS LOCALES","No Etiquetado","SIEMPRE",2023,NA,895468.1,0
"101",101,2023-11-16,101,"SAF","BBVA","C120695440","C012910001206954406","ACTUALIZACIÓN DEL ATLAS DE PELIGROS DE YUCATÁN, TRANSITÁNDOLO A UN ATLAS DE RIESGOS CON ÉNFASIS EN LOS EFECTOS DE VIENTOS FUERTES, INUNDACIONES PLUVIALES Y HUNDIMIENTOS – RECURSOS FEDERALES Y RECURSOS ESTATALES","INGRESOS FISCALES - RECURSOS PROPIOS","INGRESOS LOCALES","No Etiquetado","SIEMPRE",2023,NA,0,0
"102",102,2023-11-16,101,"SAF","BBVA","C120729949","C012910001207299490","CONCENTRADORA AGENCIAS FORÁNEAS","INGRESOS FISCALES - RECURSOS PROPIOS","INGRESOS LOCALES","No Etiquetado","SIEMPRE",2023,NA,12041026.79,190523.399999999
"103",103,2023-11-16,101,"SAF","BBVA","C120729981","C012910001207299814","ETIQUETADA AGENCIAS FORÁNEAS","INGRESOS FISCALES - RECURSOS PROPIOS","INGRESOS LOCALES","No Etiquetado","SIEMPRE",2023,NA,407671.81,550
"104",104,2023-11-16,101,"SAF","GBM","C228473","C601180100002284739","INVERSIONES RECURSOS PROPIOS 2023","INGRESOS FISCALES - RECURSOS PROPIOS","INGRESOS LOCALES","No Etiquetado","SIEMPRE",2023,NA,405603116.15,112252.929999948
"105",105,2023-11-16,101,"SAF","MULTIVA","C9041052","C132180000090410524","INVERSION RECURSOS PROPIOS 2023","INGRESOS FISCALES - RECURSOS PROPIOS","INGRESOS LOCALES","No Etiquetado","SIEMPRE",2023,NA,50389279.77,0
"106",106,2023-11-16,101,"SAF","SANTANDER","C65508865029","C014910655088650291","CORTO PLAZO 2021","INGRESOS FISCALES - RECURSOS PROPIOS","INGRESOS LOCALES","No Etiquetado","SIEMPRE",2023,NA,936.51,0
"107",107,2023-11-16,101,"SAF","SCOTIABANK","C25603828407","C044910256038284073","DIRECCIÓN GENERAL DE INGRESOS","INGRESOS FISCALES - RECURSOS PROPIOS","INGRESOS LOCALES","No Etiquetado",NA,2021,"CONTINUAS FISCALES",1255131.79,0
"108",108,2023-11-16,101,"SEDER","BANORTE","C1147330911","C072910011473309115","PESO A PESO 2022","INGRESOS FISCALES - RECURSOS PROPIOS","INGRESOS LOCALES","No Etiquetado",NA,2022,NA,63457.13,0
"109",109,2023-11-16,101,"SEDER","BANORTE","C1223440273","C072910012234402739","PESO A PESO 2023","INGRESOS FISCALES - RECURSOS PROPIOS","INGRESOS LOCALES","No Etiquetado","SIEMPRE",2023,NA,18901.94,0
"110",110,2023-11-16,101,"SEGEY","BANORTE","C1197954013","C072910011979540135","APOYO FINANCIERO DEL SERVICIO EDUCATIVO DENOMINADO TELEBACHILLERATO COMUNITARIO 2023 PARTE ESTATAL","INGRESOS FISCALES - RECURSOS PROPIOS","INGRESOS LOCALES","No Etiquetado","SIEMPRE",2023,NA,26338039.71,-282476.469999999
"111",111,2023-11-16,101,"SEPASY","BBVA","C121460633","C012910001214606335","PESO A PESO COMPONENTE PESCA","INGRESOS FISCALES - RECURSOS PROPIOS","INGRESOS LOCALES","No Etiquetado","SIEMPRE",2023,NA,13145.39,0
"112",112,2023-11-16,101,"SEPASY","BBVA","C121460641","C012910001214606416","PESO A PESO COMPONENTE ACUICOLA","INGRESOS FISCALES - RECURSOS PROPIOS","INGRESOS LOCALES","No Etiquetado","SIEMPRE",2023,NA,1445534.37,0
"113",113,2023-11-16,101,"SEPASY","HSBC","C4067871574","C021910040678715746","PROGRAMA PESO A PESO ACUACULTURA 2022","INGRESOS FISCALES - RECURSOS PROPIOS","INGRESOS LOCALES","No Etiquetado","SIEMPRE",2022,NA,74.28,0
"114",114,2023-11-16,101,"SIIES","BANORTE","C1228947094","C072910012289470949","MEGAS TENDENCIAS EN LOS CAMPOS DE TECNOLOGIA E INNOVACIÓN 2023","INGRESOS FISCALES - RECURSOS PROPIOS","INGRESOS LOCALES","No Etiquetado","SIEMPRE",2023,NA,99461.35,0
"115",115,2023-11-16,105,"SAF","BANORTE","C1213843950","C072910012138439507","IMPUESTO SOBRE HOSPEDAJE 2023","IMPUESTO SOBRE HOSPEDAJE","IMPUESTO SOBRE HOSPEDAJE","No Etiquetado","SIEMPRE",2023,NA,45578471.95,10779579
"116",116,2023-11-16,112,NA,"BANORTE","C1184498441","C072910011844984415","REMANENTES EJERCICIO 2022 PARTICIPACIONES","PARTICIPACIONES – RECURSOS PROPIOS AA (VIGENTE EN 2022)","PARTICIPACIONES AA","No Etiquetado",NA,2023,NA,279972895.23,0
"117",117,2023-11-16,112,NA,"BANORTE","C1197953865","C072910011979538655","EXCEDENTES EJERCICIO 2022 PARTICIPACIONES","PARTICIPACIONES – RECURSOS PROPIOS AA (VIGENTE EN 2022)","PARTICIPACIONES AA","No Etiquetado",NA,2023,NA,3190651.79,0
"118",118,2023-11-16,112,"F.F.01","BANORTE","C1009562089","C072910010095620891","PARTICIPACIONES  FEDERALES 2019","PARTICIPACIONES – RECURSOS PROPIOS AA (VIGENTE EN 2022)","PARTICIPACIONES AA","No Etiquetado",NA,2021,"PARTICIPACIONES",0,0
"119",119,2023-11-16,112,"LD","AZTECA","C1720125588563","C127180001255885636","NOMINAS 2019","PARTICIPACIONES – RECURSOS PROPIOS AA (VIGENTE EN 2022)","PARTICIPACIONES AA","No Etiquetado",NA,2021,NA,6004.77,0
"120",120,2023-11-16,112,"LD","BANAMEX","C70162322115","C002910701623221158","REMANENTES FIDEICOMISOS 2020","PARTICIPACIONES – RECURSOS PROPIOS AA (VIGENTE EN 2022)","PARTICIPACIONES AA","No Etiquetado","SIEMPRE",2021,NA,0,0
"121",121,2023-11-16,112,"NO DISPONIBLE","BANAMEX","C70117333955","C002910701173339558","NOMINA BUROCRACIA 2018","PARTICIPACIONES – RECURSOS PROPIOS AA (VIGENTE EN 2022)","PARTICIPACIONES AA","No Etiquetado",NA,2021,"PARTICIPACIONES",4767375.91,-1727580.09
"122",122,2023-11-16,112,"NO DISPONIBLE","BBVA","C114265289","C012910001142652891","JUBILADOS Y PENSIONADOS 2020","PARTICIPACIONES – RECURSOS PROPIOS AA (VIGENTE EN 2022)","PARTICIPACIONES AA","No Etiquetado",NA,2021,NA,18966.51,0
"123",123,2023-11-16,112,"NO DISPONIBLE","HSBC","C4064801012","C021910040648010125","DISPERSORA DE ASIMILADOS 2020","PARTICIPACIONES – RECURSOS PROPIOS AA (VIGENTE EN 2022)","PARTICIPACIONES AA","No Etiquetado",NA,2021,"PARTICIPACIONES",49850.43,0
"124",124,2023-11-16,112,"NO DISPONIBLE","SANTANDER","C65506418611","C014910655064186116","JUBILADOS Y PENSIONADOS  2017 (2)","PARTICIPACIONES – RECURSOS PROPIOS AA (VIGENTE EN 2022)","PARTICIPACIONES AA","No Etiquetado",NA,2021,NA,12664.48,0
"125",125,2023-11-16,112,"SAF","AZTECA","C1720163322783","C127180001633227832","JUBILADOS Y PENSIONADOS 2021","PARTICIPACIONES – RECURSOS PROPIOS AA (VIGENTE EN 2022)","PARTICIPACIONES AA","No Etiquetado","REMANENTES/ESTATAL",2022,NA,14589.01,0
"126",126,2023-11-16,112,"SAF","BANORTE","C1147330902","C072910011473309021","FONDO DE EXCEDENTES DE PARTICIPACIONES 2021","PARTICIPACIONES – RECURSOS PROPIOS AA (VIGENTE EN 2022)","PARTICIPACIONES AA","No Etiquetado",NA,2022,NA,0,0
"127",127,2023-11-16,113,"SSY","HSBC","C4069365831","C021910040693658312","EQUIPAMIENTO MÉDICO Y TECNOLÓGICO DE LOS CENTROS DE SALUD EN DIVERSOS MUNICIPIOS DEL ESTADO DE YUCATÁN","Participaciones Recursos propios EFA (Remanentes)","PARTICIPACIONES REMANENTES EFA (art. 93 LPCG)","No Etiquetado","SIEMPRE",2023,NA,0,0
"128",128,2023-11-16,114,"SAF","BANORTE","C1213843987","C072910012138439879","REMANENTES PARTICIPACIONES AÑOS ANTERIORES","Participaciones Recursos propios A.A. (Remanentes)","PARTICIPACIONES REMANENTES AA (art. 93 LPCG)","No Etiquetado","SIEMPRE",2023,NA,154005282.92,0
"129",129,2023-11-16,121,"NO DISPONIBLE","BANORTE","C230406524","C072910002304065249","CONCENTRADORA DE FLUJO 2014","INGRESOS FISCALES - RECURSOS PROPIOS AA","INGRESOS LOCALES REMANENTES AA (art. 93 LPCG)","No Etiquetado",NA,2021,NA,0,0
"130",130,2023-11-16,121,"SAF","BANORTE","C1213843996","C072910012138439963","REMANENTES INGRESOS FISCALES AÑOS ANTERIORES","INGRESOS FISCALES - RECURSOS PROPIOS AA","INGRESOS LOCALES REMANENTES AA (art. 93 LPCG)","No Etiquetado","SIEMPRE",2023,NA,17746461.43,0
"131",131,2023-11-16,122,NA,"BANORTE","C1197953874","C072910011979538749","REMANENTES EJERCICIO 2022 PROPIOS","INGRESOS FISCALES - RECURSOS PROPIOS AA (VIGENTE EN 2022)","INGRESOS LOCALES AA","No Etiquetado",NA,2023,NA,20938311.2,0
"132",132,2023-11-16,122,NA,"BANORTE","C1197953883","C072910011979538833","EXCEDENTES EJERCICIO 2022 PROPIOS","INGRESOS FISCALES - RECURSOS PROPIOS AA (VIGENTE EN 2022)","INGRESOS LOCALES AA","No Etiquetado",NA,2023,NA,123949451.85,0
"133",133,2023-11-16,122,"2019","BANORTE","C146526158","C072910001465261585","VARIOS","INGRESOS FISCALES - RECURSOS PROPIOS AA (VIGENTE EN 2022)","INGRESOS LOCALES AA","No Etiquetado",NA,2021,NA,0,0
"134",134,2023-11-16,122,"LD","BANAMEX","C70138115486","C002910701381154868","CREDITO SIMPLE BANAMEX 2019","INGRESOS FISCALES - RECURSOS PROPIOS AA (VIGENTE EN 2022)","INGRESOS LOCALES AA","No Etiquetado",NA,2021,NA,0,0
"135",135,2023-11-16,122,"LD","BANORTE","C1105510928","C072910011055109283","INVERSIONES RECURSOS PROPIOS 2021","INGRESOS FISCALES - RECURSOS PROPIOS AA (VIGENTE EN 2022)","INGRESOS LOCALES AA","No Etiquetado","REMANENTES/ESTATAL",2021,"FISCALES",0,0
"136",136,2023-11-16,122,"LD","BBVA","C112398540","C012910001123985406","CENTRALIZADORA SAF 2018","INGRESOS FISCALES - RECURSOS PROPIOS AA (VIGENTE EN 2022)","INGRESOS LOCALES AA","No Etiquetado",NA,2021,NA,110077.17,0
"137",137,2023-11-16,122,"LD","BBVA","C114265297","C012910001142652972","FONDO DE INGRESOS DE PROPIOS 2020","INGRESOS FISCALES - RECURSOS PROPIOS AA (VIGENTE EN 2022)","INGRESOS LOCALES AA","No Etiquetado",NA,2021,NA,0,0
"138",138,2023-11-16,122,"LD","BBVA","C115988969","C012910001159889699","PAGADORA RECURSOS PROPIOS 2021","INGRESOS FISCALES - RECURSOS PROPIOS AA (VIGENTE EN 2022)","INGRESOS LOCALES AA","No Etiquetado","REMANENTES/ESTATAL",2021,NA,0,0
"139",139,2023-11-16,122,NA,"BANORTE","C1041025061","C072910010410250613","RED NACIONAL DE CONSEJOS Y ORGANISMOS ESTATALES DE CIENCIA Y TECNOLOGIA A.C. (REDNACYT 2019)","INGRESOS FISCALES - RECURSOS PROPIOS AA (VIGENTE EN 2022)","INGRESOS LOCALES AA","No Etiquetado","SIEMPRE",2021,NA,0,0
"140",140,2023-11-16,122,NA,"BANORTE","C290951596","C072910002909515961","1 % AL MILLAR 2015","INGRESOS FISCALES - RECURSOS PROPIOS AA (VIGENTE EN 2022)","INGRESOS LOCALES AA","No Etiquetado",NA,2021,NA,16.94,0
"141",141,2023-11-16,122,NA,"BANORTE","C290951608","C072910002909516083","2 % AL MILLAR 2015","INGRESOS FISCALES - RECURSOS PROPIOS AA (VIGENTE EN 2022)","INGRESOS LOCALES AA","No Etiquetado",NA,2021,NA,875081.26,0
"142",142,2023-11-16,122,NA,"BANORTE","C365468844","C072910003654688443","REINTEGRO DE RECURSOS FEDERALES AÑOS ANTERIORES 2018","INGRESOS FISCALES - RECURSOS PROPIOS AA (VIGENTE EN 2022)","INGRESOS LOCALES AA","No Etiquetado",NA,2021,"FISCALES",683787.01,0.67000000004191
"143",143,2023-11-16,122,NA,"BANREGIO","C251967680012","C058910000011335592","RECAUDACION AFFY 2021","INGRESOS FISCALES - RECURSOS PROPIOS AA (VIGENTE EN 2022)","INGRESOS LOCALES AA","No Etiquetado",NA,2021,NA,5341937.97,8746
"144",144,2023-11-16,122,"NO DISPONIBLE","BANORTE","C661758238","C072910006617582389","CUOTAS EXCEDENTE EXTRANJEROS CULTUR / PARADOR DE CHICHEN ITZA","INGRESOS FISCALES - RECURSOS PROPIOS AA (VIGENTE EN 2022)","INGRESOS LOCALES AA","No Etiquetado","REMANENTES/ESTATAL",2021,NA,111.13,0
"145",145,2023-11-16,122,"NO DISPONIBLE","BANORTE","C674362327","C072910006743623277","DEP. FID. PROTEGO CULTUR 2011 B","INGRESOS FISCALES - RECURSOS PROPIOS AA (VIGENTE EN 2022)","INGRESOS LOCALES AA","No Etiquetado","SIEMPRE",2021,NA,0,0
"146",146,2023-11-16,122,"NO DISPONIBLE","BBVA","C110641197","C012910001106411971","FONDO AMBIENTAL SEDUMA 2017","INGRESOS FISCALES - RECURSOS PROPIOS AA (VIGENTE EN 2022)","INGRESOS LOCALES AA","No Etiquetado","SIEMPRE",2021,"FISCALES",9580289.53,0
"147",147,2023-11-16,122,"NO DISPONIBLE","BBVA","C113822192","C012910001138221922","INGRESOS SECRETARIA DE PESCA Y AQUACULTURA SUSTENTABLE 2019","INGRESOS FISCALES - RECURSOS PROPIOS AA (VIGENTE EN 2022)","INGRESOS LOCALES AA","No Etiquetado",NA,2021,NA,0,0
"148",148,2023-11-16,122,"NO DISPONIBLE","BBVA","C115806801","C012910001158068013","PESO A PESO 2020","INGRESOS FISCALES - RECURSOS PROPIOS AA (VIGENTE EN 2022)","INGRESOS LOCALES AA","No Etiquetado","SIEMPRE",2021,NA,0,0
"149",149,2023-11-16,122,"SAF","BANAMEX","C70156442400","C002910701564424001","FONDO PARA LA ATENCION DE EMERGENCIAS Y DESASTRES DEL ESTADO DE YUCATAN","INGRESOS FISCALES - RECURSOS PROPIOS AA (VIGENTE EN 2022)","INGRESOS LOCALES AA","No Etiquetado","SIEMPRE",2021,NA,31694.36,0
"150",150,2023-11-16,122,"SAF","BANORTE","C1132563779","C072910011325637799","DEVOLUCION DE FOMIX 2021","INGRESOS FISCALES - RECURSOS PROPIOS AA (VIGENTE EN 2022)","INGRESOS LOCALES AA","No Etiquetado","SIEMPRE",2021,"FISCALES",6290058.93,0
"151",151,2023-11-16,122,"SAF","BANORTE","C1132563809","C072910011325638909","REMANENTE DEL FONDO PARA EMPRENDEDORES E INNOVADORES DE YUCATAN (FEIY) 2021","INGRESOS FISCALES - RECURSOS PROPIOS AA (VIGENTE EN 2022)","INGRESOS LOCALES AA","No Etiquetado","SIEMPRE/ REMANENTES/ ESTATAL",2021,"FISCALES",0,0
"152",152,2023-11-16,122,"SAF","BANORTE","C1132563881","C072910011325638811","REMANENETES DE FIDEICOMISO FAAVI 2021","INGRESOS FISCALES - RECURSOS PROPIOS AA (VIGENTE EN 2022)","INGRESOS LOCALES AA","No Etiquetado","SIEMPRE/ REMANENTES/ESTATAL",2021,"FISCALES",7130786.08,0
"153",153,2023-11-16,122,"SAF","BANORTE","C1132563890","C072910011325638905","REMANENTES DE FIDEICOMISO PROCEDES 2021","INGRESOS FISCALES - RECURSOS PROPIOS AA (VIGENTE EN 2022)","INGRESOS LOCALES AA","No Etiquetado","SIEMPRE/ REMANENTES/ ESTATAL",2021,"FISCALES",0,0
"154",154,2023-11-16,122,"SAF","BBVA","C117553927","C012910001175539279","ESTADIO SUSTENTABLE 2021","INGRESOS FISCALES - RECURSOS PROPIOS AA (VIGENTE EN 2022)","INGRESOS LOCALES AA","No Etiquetado","SIEMPRE",2021,NA,0,0
"155",155,2023-11-16,122,"SAF","BBVA","C121465724","C012910001214657245","RECURSOS AÑOS ANTERIORES TURISMO","INGRESOS FISCALES - RECURSOS PROPIOS AA (VIGENTE EN 2022)","INGRESOS LOCALES AA","No Etiquetado","SIEMPRE",2023,NA,198878848.81,-169156.579999983
"156",156,2023-11-16,122,"SEFOET","BBVA","C117290551","C012910001172905518","PRODUCCIÓN DE ENERGÍA SOLAR EN EL MUNICIPIO DE TECOH","INGRESOS FISCALES - RECURSOS PROPIOS AA (VIGENTE EN 2022)","INGRESOS LOCALES AA","No Etiquetado","SIEMPRE",2021,NA,0,0
"157",157,2023-11-16,122,"SEFOET","BBVA","C117302827","C012910001173028274","PRODUCCIÓN DE ENERGÍA SOLAR EN EL MUNICIPIO DE TECOH  (DLLS)","INGRESOS FISCALES - RECURSOS PROPIOS AA (VIGENTE EN 2022)","INGRESOS LOCALES AA","No Etiquetado","SIEMPRE",2021,NA,0,0
"158",158,2023-11-16,122,"SEFOTUR","BBVA","C116077730","C012910001160777305","FONDO NACIONAL DE FOMENTO AL TURISMO 2020","INGRESOS FISCALES - RECURSOS PROPIOS AA (VIGENTE EN 2022)","INGRESOS LOCALES AA","No Etiquetado",NA,2021,NA,0,0
"159",159,2023-11-16,122,"SEPASY","HSBC","C4068004134","C021910040680041343","PROGRAMA PESO A PESO 2022","INGRESOS FISCALES - RECURSOS PROPIOS AA (VIGENTE EN 2022)","INGRESOS LOCALES AA","No Etiquetado","SIEMPRE",2022,NA,168.68,0
"160",160,2023-11-16,200,"SEDECULTA","BANAMEX","C2359181097","C002910023591810971","PROMOCION DE LA ECONOMIA CREATIVA EN EL ESTADO DE YUCATAN 2020 (DOLARES)","UNESCO FONDO INTERNACIONAL PARA LA DIVERSIDAD CULTURAL (FIDC)","CONVENIOS","Etiquetado","SIEMPRE",2021,NA,0,0
"161",161,2023-11-16,200,"SEDECULTA","BANAMEX","C70156251362","C002910701562513626","PROMOCION DE LA ECONOMIA CREATIVA EN EL ESTADO DE YUCATAN 2020 (PESOS)","UNESCO FONDO INTERNACIONAL PARA LA DIVERSIDAD CULTURAL (FIDC)","CONVENIOS","Etiquetado","SIEMPRE",2021,NA,1873.72,0
"162",162,2023-11-16,1002,NA,"BANAMEX","C70168968548","C002910701689685482","FONDO DE APORTACIONES PARA EL FORTALECIMIENTO DE LAS ENTIDADES FEDERATIVAS (FAFEF) 2023","FAFEF","APORTACIONES","Etiquetado","SIEMPRE",2023,NA,92520650.34,0
"163",163,2023-11-16,1003,NA,"BBVA","C119395571","C012910001193955712","FONE-FONDO DE COMPENSACION 2023","FONE","APORTACIONES","Etiquetado","SIEMPRE",2023,NA,494.16,0
"164",164,2023-11-16,1003,NA,"BBVA","C119395873","C012910001193958735","FONE-GASTO DE OPERACIÓN 2023","FONE","APORTACIONES","Etiquetado","SIEMPRE",2023,NA,506.42,0
"165",165,2023-11-16,1003,NA,"BBVA","C119395997","C012910001193959970","FONE-OTROS GASTO CORRIENTE 2023","FONE","APORTACIONES","Etiquetado","SIEMPRE",2023,NA,191.07,0
"166",166,2023-11-16,1004,NA,"BANORTE","C1184498357","C072910011844983571","FASSA 2023","FASSA","APORTACIONES","Etiquetado","SIEMPRE",2023,NA,0.1,0
"167",167,2023-11-16,1006,NA,"BANORTE","C1184498366","C072910011844983665","FONDO DE APORTACIONES PARA LA INFRAESTRUCTURA SOCIAL ENTIDADES (FISE ) 2023","FISE","APORTACIONES","Etiquetado","SIEMPRE",2023,NA,31309048.54,-4076677.94
"168",168,2023-11-16,1007,NA,"BANAMEX","C70165099263","C002910701650992638","FONDO DE APORTACIONES MÚLTIPLES ASISTENCIA SOCIAL (FAM-AS)","FAM SOCIAL","APORTACIONES","Etiquetado","SIEMPRE",2022,NA,0,0
"169",169,2023-11-16,1007,"SAF","BANAMEX","C70168871358","C002910701688713588","FONDO DE APORTACIONES MÚLTIPLES ASISTENCIA SOCIAL (FAM-AS) 2023","FAM SOCIAL","APORTACIONES","Etiquetado","SIEMPRE",2023,NA,20.88,-20099.98
"170",170,2023-11-16,1008,NA,"BANAMEX","C70165099271","C002910701650992719","FONDO DE APORTACIONES MÚLTIPLES INFRAESTRUCTURA EDUCATIVA BÁSICA   (FAM - IEB)","FAM IE BASICA","APORTACIONES","Etiquetado","SIEMPRE",2022,NA,0,0
"171",171,2023-11-16,1008,NA,"BANAMEX","C70168929623","C002910701689296237","FONDO DE APORTACIONES MÚLTIPLES INFRAESTRUCTURA EDUCATIVA BÁSICA (FAM-IEB) 2023","FAM IE BASICA","APORTACIONES","Etiquetado","SIEMPRE",2023,NA,1007180.71,0
"172",172,2023-11-16,1009,NA,"BANORTE","C1184498405","C072910011844984059","FONDO DE APORTACIONES MÚLTIPLES INFRAESTRUCTURA EDUCATIVA SUPERIOR (FAM-IES) 2023","FAM IE SUPERIOR","APORTACIONES","Etiquetado","SIEMPRE",2023,NA,9222.99,0
"173",173,2023-11-16,1010,NA,"BANORTE","C1184498384","C072910011844983843","FONDO DE APORTACIONES MÚLTIPLES INFRAESTRUCTURA EDUCATIVA MEDIA SUPERIOR (FAM-IEMS) 2023","FAM IE MEDIA SUPERIOR","APORTACIONES","Etiquetado","SIEMPRE",2023,NA,4680.1,0
"174",174,2023-11-16,1011,NA,"HSBC","C4067871483","C021910040678714831","FAETA-CONALEP 2023","FAETA","APORTACIONES","Etiquetado","SIEMPRE",2023,NA,393.52,0
"175",175,2023-11-16,1011,NA,"HSBC","C4067871491","C021910040678714912","FAETA-INEA 2023","FAETA","APORTACIONES","Etiquetado","SIEMPRE",2023,NA,414.79,0
"176",176,2023-11-16,1015,NA,"BANORTE","C1184498375","C072910011844983759","FONDO DE APORTACIONES PARA EL FORTALECIMIENTO DE LOS MUNICIPIOS Y DE LAS DEMARCACIONES TERRITORIALES DEL DISTRITO FEDERAL ( FORTAMUN ) 2023","FORTAMUN","APORTACIONES","Etiquetado","SIEMPRE",2023,NA,41960.88,0
"177",177,2023-11-16,1016,NA,"HSBC","C4067871475","C021910040678714750","FONDO DE APORTACIONES PARA LA INFRAESTRUCTURA SOCIAL Y MUNICIPAL Y DE LAS DEMARCACIONES TERRITORIALES DEL DISTRITO FEDERAL ( FISMDF) 2023","FAISM","APORTACIONES","Etiquetado","SIEMPRE",2023,NA,20452.74,0
"178",178,2023-11-16,1017,NA,"AZTECA","C1720121498886","C127180001214988862","FONDO DE APORTACIONES PARA LA SEGURIDAD PÚBLICA DE LOS ESTADOS Y DEL DISTRITO FEDERAL (FASP) 2023","FASP","APORTACIONES","Etiquetado","SIEMPRE",2023,NA,80489.79,0
"179",179,2023-11-16,1046,"UADY","BBVA","C119531041","C012910001195310410","SUBSIDIO FEDERAL ORDINARIO 2023","SUBSIDIO UADY","SUBSIDIO UADY","Etiquetado","SIEMPRE",2023,NA,1113.65,0
"180",180,2023-11-16,2057,"FEIEF","BBVA","C116671837","C012910001166718371","FEIEF 2021","FEIEF REMANENTE EFA","FEIEF REMANENTE EFA","No Etiquetado","SIEMPRE",2021,"FEIEF",5404758.59,3252292.02
"181",181,2023-11-16,4094,NA,"BBVA","C118298327","C012910001182983274","FIDEICOMISO PARA LA INFRAESTRUCTURA EN LOS ESTADOS FIES 2021","FIDEICOMISO PARA LA INFRAESTRUCTURA DE LOS ESTADOS EFA","CONVENIOS EFA","Etiquetado","SIEMPRE",2022,NA,0,-0.67
"182",182,2023-11-16,5053,NA,"BANAMEX","C7014603390","C002910701406033903","FONDO METROPOLITANO 2019 ZONA METROPOLITANA DE MERIDA","ZONA METROPOLITANA DE LA CIUDAD DE MERIDA AA","CONVENIOS AA","Etiquetado","SIEMPRE",2021,NA,0,0
"183",183,2023-11-16,5053,"SAF","BANORTE","C1094355670","C072910010943556703","FONDO METROPOLITANO 2020 ZONA METROPOLITANA DE MERIDA","ZONA METROPOLITANA DE LA CIUDAD DE MERIDA AA","CONVENIOS AA","Etiquetado","SIEMPRE",2021,NA,0.1,0
"184",184,2023-11-16,5057,"SAF","BANORTE","C1213843978","C072910012138439785","FEIEF AÑOS ANTERIORES","FEIEF AA","FEIEF AA","No Etiquetado","SIEMPRE",2023,NA,16720129.14,0
"185",185,2023-11-16,19001,"CECYTEY","BBVA","C119585516","C012910001195855166","PROGRAMA PRESUPUESTARIO U006-SUBSIDIOS PARA ORGANISMOS DESCENTRALIZADOS ESTATALES 2023","SUBSIDIO PARA EL CECITEY","CONVENIOS","Etiquetado","SIEMPRE",2023,NA,26.65,0
"186",186,2023-11-16,19003,"COBAY","BBVA","C119584811","C012910001195848115","COLEGIO DE BACHILLERES DEL ESTADO DE YUCATÁN (COBAY) 2023","SUBSIDIO PARA EL COBAY","CONVENIOS","Etiquetado","SIEMPRE",2023,NA,27.9,0
"187",187,2023-11-16,19013,"DIF","BANORTE","C1223440303","C072910012234403039","PROGRAMA DE ATENCIÓN A PERSONAS CON DISCAPACIDAD PARA EL EJERCICIO 2023 “EQUIPAMIENTO DE LA UNIDAD BASICA DE REHABILITACIÓN DEL MUNICIPIO DE TEKAL DE VENEGAS DEL ESTADO DE YUCATAN”","PROGRAMA DE ATENCION A PERSONAS CON DISCAPACIDAD","CONVENIOS","Etiquetado","SIEMPRE",2023,NA,24.2,0
"188",188,2023-11-16,19013,"DIF","BANORTE","C1223440312","C072910012234403123","PROGRAMA DE ATENCIÓN A PERSONAS CON DISCAPACIDAD PARA EL EJERCICIO 2023 “EQUIPAMIENTO DE 3 UNIDADES BASICAS DE REHABILITACIÓN DE MUNICIPIOS DEL ESTADO DE YUCATAN”","PROGRAMA DE ATENCION A PERSONAS CON DISCAPACIDAD","CONVENIOS","Etiquetado","SIEMPRE",2023,NA,72.38,0
"189",189,2023-11-16,19037,"SEP","AZTECA","C1720125545103","C127180001255451000","INSTITUTO DE EDUCACIÓN PARA ADULTOS DEL ESTADO DE YUCATÁN (IEAEY) 2023","PROGRAMA DE ATENCION A LA DEMANDA (IEAEY)","CONVENIOS","Etiquetado","SIEMPRE",2023,NA,0.49,0
"190",190,2023-11-16,19046,"SEMUJERES","BANAMEX","C70171170328","C002910701711703287","PROGRAMA DE APOYO A INSTANCIAS DE MUJERES EN LAS ENTIDADES FEDERATIVAS (PAIMEF) EN EL EJERCICIO FISCAL 2023","PROGRAMA DE APOYO A LAS INSTANCIAS DE MUJERES (PREVENCION DE LA VIOLENCIA) PAIMEF","CONVENIOS","Etiquetado","SIEMPRE",2023,NA,5174741.06,0
"191",191,2023-11-16,19047,"SEMUJERES","BANAMEX","C70171920084","C002910701719200847","PROGRAMA PARA EL ADELANTO, BIENESTAR E IGUALDAD DE LAS MUJERES PARA EL EJERCICIO FISCAL 2023","PROGRAMA PARA EL ADELANTO, BIENESTAR I IGUALDAD DE LAS MUJERES (ANTES PROGRAMA DE FORTALECIMIENTO A LA TRANSVERSALIDAD DE LA PERSPECTIVA DE GENERO)","CONVENIOS","Etiquetado","SIEMPRE",2023,NA,3855117.09,0
"192",192,2023-11-16,19059,"SSY","BANORTE","C1213844153","C072910012138441537","PROAGUA 2023","PROAGUA AGUA LIMPIA","CONVENIOS","Etiquetado","SIEMPRE",2023,NA,0.1,0
"193",193,2023-11-16,19060,"CONAGUA","BANORTE","C1213844032","C072910012138440321","PROGRAMA DE AGUA POTABLE, DRENAJE Y TRATAMIENTO (PROAGUA) EJERCICIO 2023","PROAGUA RURAL","CONVENIOS","Etiquetado","SIEMPRE",2023,NA,5262393.11,0
"194",194,2023-11-16,19081,NA,"BBVA","C119608052","C012910001196080529","SUBSIDIO FEDERAL ORDINARIO PARA EL EJERCICIO 2023 (UNO)","APOYOS FINANCIEROS A LA UNIVERSIDAD DE ORIENTE","CONVENIOS","Etiquetado","SIEMPRE",2023,NA,43.27,0
"195",195,2023-11-16,19089,NA,"BANORTE","C1197953922","C072910011979539227","PROGRAMA EXPANSIÓN DE LA EDUCACIÓN INICIAL (PEEI) 2023","PROGRAMA EXPANSION DE LA EDUCACION INICIAL","CONVENIOS","Etiquetado","SIEMPRE",2023,NA,387.21,0
"196",196,2023-11-16,19090,"UTM","BBVA","C119799753","C12910001197997500","Pp U-006 2023 UNIVERSIDADES TECNOLÓGICAS","APOYOS FINANCIEROS A LAS UNIVERSIDADES TECNOLOGICAS","CONVENIOS","Etiquetado","SIEMPRE",2023,NA,205.08,0
"197",197,2023-11-16,19097,"SAF","HSBC","C4069114379","C021910040691143793","PROGRAMA PARA LA ARMONIZACION CONTABLE (CONAC) 2023","CONVENIO CON SHCP PARA LA ARMONIZACION CONTABLE CONAC","CONVENIOS","Etiquetado","SIEMPRE",2023,NA,0,0
"198",198,2023-11-16,19100,NA,"BANORTE","C1184498393","C072910011844983937","AFASPE 2023","AFASPE (SALUD PÚBLICA)","CONVENIOS","Etiquetado","SIEMPRE",2023,NA,0.1,0
"199",199,2023-11-16,19102,"SSY","HSBC","C4069113884","C021910040691138847","E005 CAPACITACIÓN AMBIENTAL Y DESARROLLO SUSTENTABLE EN RELACION A LAS ACCIONES DE CULTURA DEL AGUA 2023","PROGRAMA DE CULTURA DEL AGUA","CONVENIOS","Etiquetado","SIEMPRE",2023,NA,6.94,0
"200",200,2023-11-16,19122,"SSY","HSBC","C4069365674","C021910040693656741","LABORATORIO ESTATAL DE SALUD PUBLICA (COFEPRIS)","LABORATORIO ESTATAL DE SALUD PUBLICA (COFEPRIS)","CONVENIOS","Etiquetado","SIEMPRE",2023,NA,0,0
"201",201,2023-11-16,19124,"SSY","BANORTE","C1197953959","C072910011979539599","S200 FORTALECIMIENTO A LA ATENCIÓN MEDICA 2023","PROGRAMA DE APOYO PARA FORTALECER LA CALIDAD DE LOS SERVICIOS DE SALUD","CONVENIOS","Etiquetado","SIEMPRE",2023,NA,0.1,0
"202",202,2023-11-16,19128,"CONSEJERIA","HSBC","C4069113769","C021910040691137699","PROGRAMA DE REGISTRO E IDENTIFICACIÓN DE POBLACIÓN (PRIP) EJERCICIO FISCAL 2023 RECURSO FEDERAL","MODERNIZACION INTEGRAL DEL REGISTRO CIVIL","CONVENIOS","Etiquetado","SIEMPRE",2023,NA,340546.77,0
"203",203,2023-11-16,19129,"INSEJUPY","BBVA","C121478028","C012910001214780280","PROYECTO EJECUTIVO DE MODERNIZACIÓN INTEGRAL (PEMI) DEL GOBIERNO DEL ESTADO DE YUCATAN 2023","MODERNIZACION Y VINCULACION REGISTRAL Y CATASTRAL DEL PADRON INMOBILIARIOS","CONVENIOS","Etiquetado","SIEMPRE",2023,NA,0.68,0
"204",204,2023-11-16,19132,"SEGEY ","BBVA","C119798439","C12910001197984300","PROGRAMA NACIONAL DE INGLÉS (PRONI) 2023","PROGRAMA NACIONAL DE INGLES EN LA EDUCACION BASICA (PNIEB)","CONVENIOS","Etiquetado","SIEMPRE",2023,NA,40.38,0
"205",205,2023-11-16,19149,"SAF","BBVA","C120775525","C012910001207755251","5% MUSEOS, MONUMENTOS Y ZONAS ARQUEOLÓGICAS 2023","CONVENIO 5% MUSEOS O ZONAS ARQUEOLOGICAS","CONVENIOS","Etiquetado","SIEMPRE",2023,NA,389335.45,0
"206",206,2023-11-16,19188,"SAF","BANORTE","C1223440321","C072910012234403217","APOYO A LAS CULTURAS MUNICIPALES Y COMUNITARIAS (PACMYC) 2023","PROGRAMAS DE APOYO A LA CULTURA","CONVENIOS","Etiquetado","SIEMPRE",2023,NA,108080.23,0
"207",207,2023-11-16,19188,"SEDECULTA","BANORTE","C1213844117","C072910012138441171","APOYO A INSTITUCIONES ESTATALES DE CULTURA (AIEC 2023)","PROGRAMAS DE APOYO A LA CULTURA","CONVENIOS","Etiquetado","SIEMPRE",2023,NA,623456.95,0
"208",208,2023-11-16,19188,"SEDECULTA","BANORTE","C1213844126","C072910012138441265","“OTOÑO CULTURAL 2023”","PROGRAMAS DE APOYO A LA CULTURA","CONVENIOS","Etiquetado","SIEMPRE",2023,NA,1500105.1,0
"209",209,2023-11-16,19189,NA,"HSBC","C4068527811","C021910040685278111","APOYO FINANCIERO DEL SERVICIO EDUCATIVO DENOMINADO TELEBACHILLERATO COMUNITARIO 2023","TELEBACHILLERATO COMUNITARIO","CONVENIOS","Etiquetado","SIEMPRE",2023,NA,14250698.34,0
"210",210,2023-11-16,19196,"SEDER","BANORTE","C1197954022","C072910011979540229","CONAFOR 2023","PREVENCION COMBATE Y CONTROL DE INCENDIOS FORESTALES","CONVENIOS","Etiquetado","SIEMPRE",2023,NA,506125.43,0
"211",211,2023-11-16,19200,"SSY","BANORTE","C1197953940","C072910011979539405","025 PREVENCIÓN Y ATENCIÓN CONTRA LAS ADICCIONES 2023","CRESCA CONADIC CENADIC YUC 001","CONVENIOS","Etiquetado","SIEMPRE",2023,NA,0.1,0
"212",212,2023-11-16,19208,"SEDER","BANORTE","C1213844096","C072910012138440965","COMPONENTE PARA LA INFRAESTRUCTURA DE RIEGO SUPLEMENTARIO 2023","PROGRAMA REHABILITACION MODERNIZACION TECNIFICACION Y EQUIPAMIENTO DE UNIDADES DE RIEGO","CONVENIOS","Etiquetado","SIEMPRE",2023,NA,1131.64,0
"213",213,2023-11-16,19208,"SEDER","BANORTE","C1213844108","C072910012138441087","COMPONENTE PARA LA REHABILITACION, TECNIFICACION Y EQUIPAMIENTO DE DISTRITOS DE TEMPORAL TECNIFICADO 2023","PROGRAMA REHABILITACION MODERNIZACION TECNIFICACION Y EQUIPAMIENTO DE UNIDADES DE RIEGO","CONVENIOS","Etiquetado","SIEMPRE",2023,NA,857.94,0
"214",214,2023-11-16,19216,"ICATEY","BBVA","C119607986","C012910001196079860","PP U006 PROGRAMA DE SUBSIDIOS FEDERALES PARA ORGANISMOS DESCENTRALIZADOS ESTATALES 2023","CREACION OPERACION Y APOYO FINANCIERO DEL ICATY","CONVENIOS","Etiquetado","SIEMPRE",2023,NA,5.81,0
"215",215,2023-11-16,19223,"SEGEY","BBVA","C119986774","C012910001199867749","PROGRAMA PARA EL DESARROLLO PROFESIONAL DOCENTE PARA EDUCACION BÁSICA (PRODEP) 2023","PROGRAMA PARA EL DESARROLLO PROFESIONAL DOCENTE TIPO BASICO PRODEP","CONVENIOS","Etiquetado","SIEMPRE",2023,NA,0,0
"216",216,2023-11-16,19235,"UTP","BBVA","C119799834","C12910001197998300","Pp U-006 2023 UNIVERSIDADES POLITÉCNICAS","APOYO SOLIDARIO PARA LA OPERACION DE LA UNIVERSIDAD POLITECNICA DEL ESTADO","CONVENIOS","Etiquetado","SIEMPRE",2023,NA,7.13,0
"217",217,2023-11-16,19244,"SAF","BANORTE","C1213844078","C072910012138440787","COMPONENTE PARA LA REHABILITACION, TECNIFICACION Y EQUIPAMIENTO DE UNIDADES DE RIEGO","PROGRAMA DE APOYO A LA INFRAESTRUCTURA HIDROAGRICOLA CONAGUA","CONVENIOS","Etiquetado","SIEMPRE",2023,NA,1411.04,0
"218",218,2023-11-16,19245,"SEMUJERES","BANORTE","C1197953995","C072910011979539955","CONSTRUCCIÓN, EQUIPAMIENTO Y OPERACIÓN DE LOS CENTROS DE JUSTICIA PARA LAS MUJERES PARA EL EJERCICIO FISCAL 2023","FORTALECIMIENTO DEL CENTRO DE JUSTICIA PARA LAS MUJERES","CONVENIOS","Etiquetado","SIEMPRE",2023,NA,9304.75,0
"219",219,2023-11-16,19247,"SAF","HSBC","C4069365575","C021910040693655755","RAMO 11 PP S247 PRODEP TIPO SUPERIOR UR 514 2023","PROGRAMA PARA EL DESARROLLO PROFESIONAL DOCENTE PARA EL TIPO SUPERIOR PRODEP","CONVENIOS","Etiquetado","SIEMPRE",2023,NA,1.33,0
"220",220,2023-11-16,19247,"SEGEY","BANORTE","C1213844023","C072910012138440237","PROGRAMA PRESUPUESTARIO S247 PARA EL DESARROLLO PROFESIONAL DOCENTE 2023","PROGRAMA PARA EL DESARROLLO PROFESIONAL DOCENTE PARA EL TIPO SUPERIOR PRODEP","CONVENIOS","Etiquetado","SIEMPRE",2023,NA,6.05,0
"221",221,2023-11-16,19251,"SSY","BBVA","C120383155","C012910001203831551","E023 “ATENCIÓN A LA SALUD” AL MANTENIMIENTO DE LA UNIDADES MÉDICAS","PROGRAMA ATENCION A LA SALUD Y MEDICAMENTOS GRATUITOS PARA LA POBLACION SIN SEGURIDAD SOCIAL LABORAL","CONVENIOS","Etiquetado","SIEMPRE",2023,NA,0,0
"222",222,2023-11-16,19251,"SSY","BBVA","C120383279","C012910001203832796","E023 “ATENCIÓN A LA SALUD” MANTENIMIENTO Y CONSERVACIÓN DE UNIDADES MÉDICAS DEL PRIMER NIVEL DE ATENCIÓN.","PROGRAMA ATENCION A LA SALUD Y MEDICAMENTOS GRATUITOS PARA LA POBLACION SIN SEGURIDAD SOCIAL LABORAL","CONVENIOS","Etiquetado","SIEMPRE",2023,NA,0,0
"223",223,2023-11-16,19254,"SIIES","BANORTE","C1197953986","C072910011979539861","S300 FORTALECIMIENTO A LA EXCELENCIA EDUCATIVA PARA EL EJERCICIO FISCAL 2023","FORTALECIMIENTO A LA EXCELENCIA EDUCATIVA","CONVENIOS","Etiquetado","SIEMPRE",2023,NA,1311598.93,0
"224",224,2023-11-16,19259,NA,"AZTECA","C1720123878153","C127180001238781537","INSABI PRESTACION GRATUITA DE SERVICIOS DE SALUD MEDICAMENTOS Y DEMAS 2023","INSABI (SEGURO POPULAR)","CONVENIOS","Etiquetado","SIEMPRE",2023,NA,101.53,0
"225",225,2023-11-16,19262,"SEGEY","BBVA","C119798595","C12910001197985900","PROGRAMA FORTALECIMIENTO DE LOS SERVICIOS DE EDUCACIÓN ESPECIAL (PFSEE) 2023","PROGRAMA FORTALECIMIENTO DE LOS SERVICIOS DE EDUCACION ESPECIAL","CONVENIOS","Etiquetado","SIEMPRE",2023,NA,57.45,0
"226",226,2023-11-16,19263,"SEMUJERES","BANAMEX","C70172920207","C002910701729202071","FONDO PARA EL BIENESTAR Y EL AVANCE DE LAS MUJERES (FOBAM) 2023","FONDO PARA EL BIENESTAR Y EL AVANCE DE LAS MUJERES (FOBAN)","CONVENIOS","Etiquetado","SIEMPRE",2023,NA,2276139.25,0
"227",227,2023-11-16,19272,"CECOGEY","BBVA","C121465937","C012910001214659379","FORTALECIMIENTO Y/O MEJORA DEL CENTRO DE CONCILIACIÓN LABORAL DEL ESTADO DE YUCATÁN","REFORMA AL SISTEMA DE JUSTICIA LABORAL","CONVENIOS","Etiquetado","SIEMPRE",2023,NA,0,0
"228",228,2023-11-16,19273,"AYUNTAMIENTO","BBVA","C120031879","C012910001200318792","PROGRAMA DE APOYO PARA REFUGIOS ESPECIALIZADOS PARA MUJERES VICTIMAS DE VIOLENCIA DE GENERO, SUS HIJAS E HIJOS, PARA EL EJERCICIO FISCAL 2023","PROGRAMA DE APOYO PARA REFUGIOS ESPECIALIZADOS PARA MUJERES VICTIMAS DE VIOLENCIA DE GENERO, SUS HIJAS E HIJOS","CONVENIOS","Etiquetado","SIEMPRE",2023,NA,0,0
"229",229,2023-11-16,19273,"SAF","BBVA","C120779725","C012910001207797251","PROGRAMA DE APOYO PARA REFUGIOS ESPECIALIZADOS PARA MUJERES VÍCTIMAS DE VIOLENCIA DE GÉNERO, SUS HIJAS E HIJOS, EN EL EJERCICIO FISCAL 2023 PROYECTO NUMERO R-2023-080","PROGRAMA DE APOYO PARA REFUGIOS ESPECIALIZADOS PARA MUJERES VICTIMAS DE VIOLENCIA DE GENERO, SUS HIJAS E HIJOS","CONVENIOS","Etiquetado","SIEMPRE",2023,NA,0,0
"230",230,2023-11-16,19273,"SAF","BBVA","C120792136","C012910001207921360","PROGRAMA DE APOYO PARA REFUGIOS ESPECIALIZADOS PARA MUJERES VÍCTIMAS DE VIOLENCIA DE GÉNERO, SUS HIJAS E HIJOS, EN EL EJERCICIO FISCAL 2023 PROYECTO NUMERO C-2023-055","PROGRAMA DE APOYO PARA REFUGIOS ESPECIALIZADOS PARA MUJERES VICTIMAS DE VIOLENCIA DE GENERO, SUS HIJAS E HIJOS","CONVENIOS","Etiquetado","SIEMPRE",2023,NA,0,0
"231",231,2023-11-16,19274,"SGG","BANORTE","C1213844014","C072910012138440143","SUBSIDIO COMISION NACIONAL DE BUSQUEDA 2023 – RECURSOS FEDERALES","SUBSIDIOS PARA LAS ACCIONES DE BÚSQUEDA DE PERSONAS DESAPARECIDAS Y NO LOCALIZADAS","CONVENIOS","Etiquetado","SIEMPRE",2023,NA,3582189.2,0
"232",232,2023-11-16,19275,"SEDECULTA","BANORTE","C1170683325","C072910011706833251","PROGRAMA DE FORTALECIMIENTO Y MEJORA DE LA HEMEROTECA JOSÉ MARIA PINO SUÁREZ Y LA BIBLIOTECA CRESCENCIO CARRILLO Y ANCONA DEL CENTRO DE APOYO A LA INVESTIGACIÓN HISTÓRICA Y LITERARIA DE YUCATAN, CAIHLY 2022","ADMINISTRACION Y ENAJENACION DE ACTIVOS (INDEP)","CONVENIOS","Etiquetado","SIEMPRE",2022,NA,400375.68,0
"233",233,2023-11-16,19277,"SEDECULTA","BANORTE","C1213844087","C072910012138440871","EQUIPAMIENTO Y ACONDICIONAMIENTO AUDIOVISUAL DE LA CINETECA NACIONAL MANUEL BARBACHANO PONCE","FOMENTO AL CINE MEXICANO","CONVENIOS","Etiquetado","SIEMPRE",2023,NA,685636.39,0
"234",234,2023-11-16,98765,NA,"SCOTIABANK","C17002591006","C044910170025910067","RECURSOS REMANENTES DEL FAM 2015","RECURSOS REMANENTES DEL FAM 2015","APORTACIONES AA","Etiquetado","SIEMPRE",2021,NA,22396757.09,0
"235",235,2023-11-16,123456,"NO DISPONIBLE","HSBC","C4023607559","C021910040236075598","PRESTAMOS C.P.","CORTO PLAZO AA","CORTO PLAZO AA","Corto Plazo","SIEMPRE",2021,NA,1649.69,0
